OF02-Demo-5,1,M2,0,65,75,75
OF02-Demo-5,2,M3,75,115,130,130
OF02-Demo-4,1,M2,0,110,120,120
OF02-Demo-4,2,M3,120,170,185,185
OF02-Demo-3,1,M2,0,145,155,155
OF02-Demo-3,2,M3,155,235,250,250
OF02-Demo-2,1,M2,0,170,180,180
OF02-Demo-2,2,M3,180,280,295,295
OF02-Demo-1,1,M2,0,195,210,210
OF02-Demo-1,2,M3,210,310,325,325
OF02-Demo-0,1,M2,0,250,260,260
OF02-Demo-0,2,M3,265,350,365,365
OF03-Demo-9,1,M3,0,425,440,440
OF03-Demo-8,1,M3,0,440,455,455
OF01-Demo-9,1,M1,0,25,30,30
OF01-Demo-9,2,M2,30,40,50,50
OF01-Demo-9,3,M3,50,75,90,90
OF03-Demo-7,1,M3,0,455,470,470
OF01-Demo-8,1,M1,0,35,40,40
OF01-Demo-8,2,M2,40,55,65,65
OF01-Demo-8,3,M3,65,130,145,145
OF03-Demo-6,1,M3,0,485,500,500
OF01-Demo-7,1,M1,0,40,45,45
OF01-Demo-7,2,M2,45,90,105,105
OF01-Demo-7,3,M3,105,195,210,210
OF03-Demo-5,1,M3,0,515,530,530
OF01-Demo-6,1,M1,0,50,55,55
OF01-Demo-6,2,M2,55,130,140,140
OF01-Demo-6,3,M3,140,250,265,265
OF01-Demo-5,1,M1,0,55,60,60
OF01-Demo-5,2,M2,60,155,165,165
OF01-Demo-5,3,M3,165,295,310,310
OF03-Demo-4,1,M3,0,10,25,25
OF01-Demo-4,1,M1,0,65,70,70
OF01-Demo-4,2,M2,70,180,195,195
OF01-Demo-4,3,M3,195,325,350,350
OF03-Demo-3,1,M3,0,95,110,110
OF01-Demo-3,1,M1,0,70,75,75
OF01-Demo-3,2,M2,75,225,235,235
OF01-Demo-3,3,M3,235,365,380,380
OF03-Demo-2,1,M3,0,155,170,170
OF01-Demo-2,1,M1,0,90,95,95
OF01-Demo-2,2,M2,95,265,275,275
OF01-Demo-2,3,M3,275,380,395,395
OF03-Demo-1,1,M3,0,210,225,225
OF01-Demo-1,1,M1,0,105,110,110
OF01-Demo-1,2,M2,110,275,285,285
OF01-Demo-1,3,M3,285,395,410,410
OF03-Demo-0,1,M3,0,265,280,280
OF01-Demo-0,1,M1,0,110,115,115
OF01-Demo-0,2,M2,115,295,305,305
OF01-Demo-0,3,M3,310,410,425,425
OF02-Demo-9,1,M2,0,310,320,320
OF02-Demo-9,2,M3,320,470,485,485
OF02-Demo-8,1,M2,0,325,335,335
OF02-Demo-8,2,M3,335,500,515,515
OF02-Demo-7,1,M2,0,0,10,10
OF02-Demo-7,2,M3,10,30,45,45
OF02-Demo-6,1,M2,0,10,35,35
OF02-Demo-6,2,M3,35,50,65,65
